{
  "project_info": {
    "project_number": "300099777410",
    "project_id": "web-app-c1545",
    "storage_bucket": "web-app-c1545.appspot.com"
  },
  "client": [
    {
      "client_info": {
        "mobilesdk_app_id": "1:300099777410:android:9ed2be595430d16c27959b",
        "android_client_info": {
          "package_name": "com.example.firebase"
        }
      },
      "oauth_client": [
        {
          "client_id": "300099777410-vtgtrbum69ngug1mu5e5kka2e15hqkbd.apps.googleusercontent.com",
          "client_type": 3
        }
      ],
      "api_key": [
        {
          "current_key": "AIzaSyCOWJJauHCpH1ExaWFhewKTb-F9QQtVJBc"
        }
      ],
      "services": {
        "appinvite_service": {
          "other_platform_oauth_client": [
            {
              "client_id": "300099777410-vtgtrbum69ngug1mu5e5kka2e15hqkbd.apps.googleusercontent.com",
              "client_type": 3
            }
          ]
        }
      }
    }
  ],
  "configuration_version": "1"
}